Species,Genus,Family,baltimore,Count
Acanthamoeba castellanii mamavirus,Mimivirus,Mimiviridae,Group I,997
Acanthamoeba castellanii mimivirus,Mimivirus,Mimiviridae,Group I,1974
Acanthamoeba polyphaga mimivirus,Mimivirus,Mimiviridae,Group I,13597
Acanthocystis turfacea chlorella virus 1,Chlorovirus,Phycodnaviridae,Group I,1736
Achromobacter virus Motura,Moturavirus,Myoviridae,Group I,688
Acidovorax virus ACP17,Busanvirus,Myoviridae,Group I,506
Acinetobacter virus AbTZA1,Hadassahvirus,Myoviridae,Group I,506
Acinetobacter virus Acj9,Acajnonavirus,Myoviridae,Group I,518
Acinetobacter virus KARL1,Lazarusvirus,Myoviridae,Group I,506
Acinetobacter virus Kimel,Lazarusvirus,Myoviridae,Group I,504
Acinetobacter virus ME3,Metrivirus,Myoviridae,Group I,652
Acinetobacter virus ZZ1,Zedzedvirus,Myoviridae,Group I,524
Adeno-associated dependoparvovirus A,Dependoparvovirus,Parvoviridae,Group II,2234
Adeno-associated virus,Dependoparvovirus,Parvoviridae,Group II,1382
Aeromonas virus 25,Tulanevirus,Myoviridae,Group I,508
Aeromonas virus 31,Biquartavirus,Myoviridae,Group I,505
Aeromonas virus 44RR2,Biquartavirus,Myoviridae,Group I,535
Aeromonas virus 4L372D,Plateaulakevirus,Myoviridae,Group I,502
Aeromonas virus 65,Ishigurovirus,Myoviridae,Group I,883
Aeromonas virus AS4,Tulanevirus,Myoviridae,Group I,554
Aeromonas virus ASsw,Ceceduovirus,Myoviridae,Group I,812
Aeromonas virus ASzj,Ceceduovirus,Myoviridae,Group I,804
Aeromonas virus Aes12,Tulanevirus,Myoviridae,Group I,501
Aeromonas virus CC2,Ceceduovirus,Myoviridae,Group I,867
African cassava mosaic virus,Begomovirus,Geminiviridae,Group II,3388
African horse sickness virus,Orbivirus,Reoviridae,Group III,3050
African swine fever virus,Asfivirus,Asfarviridae,Group I,49753
Ageratum yellow vein China virus,Begomovirus,Geminiviridae,Group II,513
Agrobacterium virus Atuph07,Polybotosvirus,Myoviridae,Group I,1428
Agrotis segetum granulovirus,Betabaculovirus,Baculoviridae,Group I,609
Aichivirus A,Kobuvirus,Picornaviridae,Group IV,1427
Aichivirus C,Kobuvirus,Picornaviridae,Group IV,1334
Akabane orthobunyavirus,Orthobunyavirus,Peribunyaviridae,Group V,922
Akhmeta virus,Orthopoxvirus,Poxviridae,Group I,1518
Alcelaphine gammaherpesvirus 1,Macavirus,Herpesviridae,Group I,556
Alfalfa leaf curl virus,Capulavirus,Geminiviridae,Group II,924
Alfalfa mosaic virus,Alfamovirus,Bromoviridae,Group IV,926
Alphaarterivirus equid,Alphaarterivirus,Arteriviridae,Group IV,2835
Alphacoronavirus 1,Alphacoronavirus,Coronaviridae,Group IV,8208
Alphacoronavirus sp.,Alphacoronavirus,Coronaviridae,Group IV,756
Alphapapillomavirus 10,Alphapapillomavirus,Papillomaviridae,Group I,5252
Alphapapillomavirus 3,Alphapapillomavirus,Papillomaviridae,Group I,536
Alphapapillomavirus 5,Alphapapillomavirus,Papillomaviridae,Group I,913
Alphapapillomavirus 6,Alphapapillomavirus,Papillomaviridae,Group I,1711
Alphapapillomavirus 7,Alphapapillomavirus,Papillomaviridae,Group I,4773
Alphapapillomavirus 9,Alphapapillomavirus,Papillomaviridae,Group I,58971
Ambystoma tigrinum virus,Ranavirus,Iridoviridae,Group I,2536
Amsacta moorei entomopoxvirus,Betaentomopoxvirus,Poxviridae,Group I,607
Anatid alphaherpesvirus 1,Mardivirus,Herpesviridae,Group I,1466
Andes orthohantavirus,Orthohantavirus,Hantaviridae,Group V,608
Anguillid herpesvirus 1,Cyprinivirus,Alloherpesviridae,Group I,1608
Anomala cuprea entomopoxvirus,Alphaentomopoxvirus,Poxviridae,Group I,529
Anseriform dependoparvovirus 1,Dependoparvovirus,Parvoviridae,Group II,658
Antheraea pernyi nucleopolyhedrovirus,Alphabaculovirus,Baculoviridae,Group I,1414
Anticarsia gemmatalis multiple nucleopolyhedrovirus,Alphabaculovirus,Baculoviridae,Group I,3396
Apple chlorotic leaf spot virus,Trichovirus,Betaflexiviridae,Group IV,1044
Apple stem grooving virus,Capillovirus,Betaflexiviridae,Group IV,1084
Apple stem pitting virus,Foveavirus,Betaflexiviridae,Group IV,1827
Autographa californica multiple nucleopolyhedrovirus,Alphabaculovirus,Baculoviridae,Group I,2140
Avian coronavirus,Gammacoronavirus,Coronaviridae,Group IV,18942
Avian leukosis virus,Alpharetrovirus,Retroviridae,Group VI,1731
Avian metapneumovirus,Metapneumovirus,Pneumoviridae,Group V,855
Avian orthoavulavirus 1,Orthoavulavirus,Paramyxoviridae,Group V,21928
Avian orthoreovirus,Orthoreovirus,Reoviridae,Group III,2934
Avihepatovirus A,Avihepatovirus,Picornaviridae,Group IV,679
Bacillus phage Belinda,Wphvirus,Herelleviridae,Group I,590
Bacillus phage DIGNKC,Wphvirus,Herelleviridae,Group I,582
Bacillus phage DirtyBetty,Wphvirus,Herelleviridae,Group I,604
Bacillus phage Kida,Wphvirus,Herelleviridae,Group I,608
Bacillus phage Nemo,Wphvirus,Herelleviridae,Group I,602
Bacillus phage Nigalana,Wphvirus,Herelleviridae,Group I,604
Bacillus phage NotTheCreek,Wphvirus,Herelleviridae,Group I,592
Bacillus phage Phrodo,Bequatrovirus,Herelleviridae,Group I,576
Bacillus phage SageFayge,Wphvirus,Herelleviridae,Group I,600
Bacillus phage SalinJah,Wphvirus,Herelleviridae,Group I,584
Bacillus phage Zuko,Wphvirus,Herelleviridae,Group I,588
Bacillus virus AvesoBmore,Bequatrovirus,Herelleviridae,Group I,602
Bacillus virus B4,Bequatrovirus,Herelleviridae,Group I,1109
Bacillus virus BCP78,Tsarbombavirus,Herelleviridae,Group I,916
Bacillus virus BM15,Caeruleovirus,Herelleviridae,Group I,532
Bacillus virus BPS10C,Wphvirus,Herelleviridae,Group I,542
Bacillus virus BPS13,Wphvirus,Herelleviridae,Group I,543
Bacillus virus BSP38,Jeonjuvirus,Herelleviridae,Group I,508
Bacillus virus Bastille,Bastillevirus,Herelleviridae,Group I,558
Bacillus virus Bigbertha,Bequatrovirus,Herelleviridae,Group I,582
Bacillus virus Bp8pC,Agatevirus,Herelleviridae,Group I,844
Bacillus virus CAM003,Bastillevirus,Herelleviridae,Group I,574
Bacillus virus Evoli,Bastillevirus,Herelleviridae,Group I,588
Bacillus virus G,Donellivirus,Myoviridae,Group I,1376
Bacillus virus Grass,Nitunavirus,Herelleviridae,Group I,504
Bacillus virus Hakuna,Wphvirus,Herelleviridae,Group I,588
Bacillus virus HoodyT,Bastillevirus,Herelleviridae,Group I,540
Bacillus virus Megatron,Wphvirus,Herelleviridae,Group I,1180
Bacillus virus PBS1,Takahashivirus,Myoviridae,Group I,926
Bacillus virus Riley,Bequatrovirus,Herelleviridae,Group I,580
Bacillus virus SP15,Thornevirus,Myoviridae,Group I,634
Bacillus virus SPO1,Okubovirus,Herelleviridae,Group I,507
Bacillus virus Spock,Bequatrovirus,Herelleviridae,Group I,566
Bacillus virus Troll,Bequatrovirus,Herelleviridae,Group I,871
Bacillus virus WPh,Wphvirus,Herelleviridae,Group I,558
Bacillus virus phi29,Salasvirus,Salasmaviridae,Group I,1692
Banana bunchy top virus,Babuvirus,Nanoviridae,Group II,2044
Bandra megavirus,Mimivirus,Mimiviridae,Group I,1055
Barley yellow dwarf virus PAV,Luteovirus,Tombusviridae,Group IV,1469
Bat alphacoronavirus,Alphacoronavirus,Coronaviridae,Group IV,848
Bat mastadenovirus,Mastadenovirus,Adenoviridae,Group I,568
Bathycoccus sp. RCC1105 virus BpV,Prasinovirus,Phycodnaviridae,Group I,623
Beak and feather disease virus,Circovirus,Circoviridae,Group II,2098
Bean common mosaic virus,Potyvirus,Potyviridae,Group IV,593
Bean golden mosaic virus,Begomovirus,Geminiviridae,Group II,1149
Beet curly top virus,Curtovirus,Geminiviridae,Group II,997
Beet necrotic yellow vein virus,Benyvirus,Benyviridae,Group IV,2141
Betaarterivirus suid 1,Betaarterivirus,Arteriviridae,Group IV,1507
Betaarterivirus suid 2,Betaarterivirus,Arteriviridae,Group IV,1911
Betacoronavirus 1,Betacoronavirus,Coronaviridae,Group IV,8763
Betapolyomavirus hominis,Betapolyomavirus,Polyomaviridae,Group I,804
Bhendi yellow vein mosaic virus,Begomovirus,Geminiviridae,Group II,698
Black queen cell virus,Triatovirus,Dicistroviridae,Group IV,1132
Blackfly microvirus SF02,Microvirus,Microviridae,Group II,584
Bluetongue virus,Orbivirus,Reoviridae,Group III,11550
Bodo saltans virus,Klosneuvirus,Mimiviridae,Group I,1207
Bombyx mori nucleopolyhedrovirus,Alphabaculovirus,Baculoviridae,Group I,2618
Bovine alphaherpesvirus 1,Varicellovirus,Herpesviridae,Group I,4507
Bovine alphaherpesvirus 5,Varicellovirus,Herpesviridae,Group I,647
Bovine fever ephemerovirus,Ephemerovirus,Rhabdoviridae,Group V,596
Bovine gammaherpesvirus 4,Rhadinovirus,Herpesviridae,Group I,823
Bovine leukemia virus,Deltaretrovirus,Retroviridae,Group VI,5180
Bovine orthopneumovirus,Orthopneumovirus,Pneumoviridae,Group V,857
Bovine papular stomatitis virus,Parapoxvirus,Poxviridae,Group I,743
Bovine respirovirus 3,Respirovirus,Paramyxoviridae,Group V,647
Brazilian marseillevirus,Marseillevirus,Marseilleviridae,Group I,982
Brevibacillus virus Jenst,Jenstvirus,Siphoviridae,Group I,539
Brome mosaic virus,Bromovirus,Bromoviridae,Group IV,562
Brucella virus Tb,Perisivirus,Podoviridae,Group I,1623
Burkholderia virus BcepSaruman,Sarumanvirus,Myoviridae,Group I,890
Burkholderia virus BcepSauron,Sarumanvirus,Myoviridae,Group I,892
Buzura suppressaria nucleopolyhedrovirus,Alphabaculovirus,Baculoviridae,Group I,544
Cacao swollen shoot virus,Badnavirus,Caulimoviridae,Group VII,1018
Cafeteria roenbergensis virus,Cafeteriavirus,Mimiviridae,Group I,1114
Camelpox virus,Orthopoxvirus,Poxviridae,Group I,2590
Campylobacter virus CP21,Firehammervirus,Myoviridae,Group I,520
Campylobacter virus CP81,Fletchervirus,Myoviridae,Group I,516
Canarypox virus,Avipoxvirus,Poxviridae,Group I,1761
Canid alphaherpesvirus 1,Varicellovirus,Herpesviridae,Group I,1705
Canine mastadenovirus A,Mastadenovirus,Adenoviridae,Group I,825
Canine morbillivirus,Morbillivirus,Paramyxoviridae,Group V,4424
Caprine arthritis encephalitis virus,Lentivirus,Retroviridae,Group VI,4891
Cardamom bushy dwarf virus,Babuvirus,Nanoviridae,Group II,837
Cardiovirus B,Cardiovirus,Picornaviridae,Group IV,803
Carnivore amdoparvovirus 1,Amdoparvovirus,Parvoviridae,Group II,2237
Carnivore protoparvovirus 1,Protoparvovirus,Parvoviridae,Group II,10233
Catovirus CTV1,Catovirus,Mimiviridae,Group I,1427
Cauliflower mosaic virus,Caulimovirus,Caulimoviridae,Group VII,1109
Caulobacter virus CcrBL10,Poindextervirus,Siphoviridae,Group I,670
Caulobacter virus CcrBL9,Bertelyvirus,Siphoviridae,Group I,1116
Caulobacter virus CcrColossus,Colossusvirus,Siphoviridae,Group I,903
Caulobacter virus CcrPW,Colossusvirus,Siphoviridae,Group I,970
Caulobacter virus CcrSC,Bertelyvirus,Siphoviridae,Group I,1092
Caulobacter virus Karma,Shapirovirus,Siphoviridae,Group I,711
Caulobacter virus Magneto,Shapirovirus,Siphoviridae,Group I,698
Caulobacter virus Rogue,Phicbkvirus,Siphoviridae,Group I,705
Caulobacter virus Swift,Shapirovirus,Siphoviridae,Group I,691
Caulobacter virus phiCbK,Shapirovirus,Siphoviridae,Group I,999
Cellulophaga virus Cba41,Lightbulbvirus,Podoviridae,Group I,591
Cellulophaga virus ST,Cbastvirus,Siphoviridae,Group I,533
Cercopithecine betaherpesvirus 5,Cytomegalovirus,Herpesviridae,Group I,793
Cherry green ring mottle virus,Robigovirus,Betaflexiviridae,Group IV,555
Cherry virus A,Capillovirus,Betaflexiviridae,Group IV,513
Chicken anemia virus,Gyrovirus,Anelloviridae,Group II,2878
Chicken astrovirus,Avastrovirus,Astroviridae,Group IV,505
Chickpea chlorotic dwarf virus,Mastrevirus,Geminiviridae,Group II,1159
Chikungunya virus,Alphavirus,Togaviridae,Group IV,7973
Chilli leaf curl virus,Begomovirus,Geminiviridae,Group II,1158
Choristoneura biennis entomopoxvirus,Betaentomopoxvirus,Poxviridae,Group I,676
Choristoneura fumiferana multiple nucleopolyhedrovirus,Alphabaculovirus,Baculoviridae,Group I,504
Choristoneura rosaceana entomopoxvirus,Betaentomopoxvirus,Poxviridae,Group I,592
Chrysodeixis chalcites nucleopolyhedrovirus,Alphabaculovirus,Baculoviridae,Group I,1058
Chrysodeixis includens nucleopolyhedrovirus,Alphabaculovirus,Baculoviridae,Group I,2299
Citrobacter phage vB_CfrM_CfP1,Pseudotevenvirus,Myoviridae,Group I,546
Citrobacter virus CF1,Moonvirus,Myoviridae,Group I,612
Citrobacter virus CF2,Pseudotevenvirus,Myoviridae,Group I,526
Citrobacter virus CrRp10,Tequatrovirus,Myoviridae,Group I,528
Citrobacter virus Margaery,Pseudotevenvirus,Myoviridae,Group I,560
Citrobacter virus Merlin,Moonvirus,Myoviridae,Group I,606
Citrobacter virus Miller,Pseudotevenvirus,Myoviridae,Group I,554
Citrobacter virus Moon,Moonvirus,Myoviridae,Group I,596
Citrobacter virus PhiZZ23,Tequatrovirus,Myoviridae,Group I,540
Citrobacter virus PhiZZ6,Tequatrovirus,Myoviridae,Group I,544
Citrus leprosis virus C,Cilevirus,Kitaviridae,Group IV,700
Citrus tristeza virus,Closterovirus,Closteroviridae,Group IV,8019
Columbid alphaherpesvirus 1,Mardivirus,Herpesviridae,Group I,583
Common midwife toad virus,Ranavirus,Iridoviridae,Group I,2513
Coronavirus HKU15,Deltacoronavirus,Coronaviridae,Group IV,1838
Cotia virus,Oryzopoxvirus,Poxviridae,Group I,578
Cotton leaf curl Burewala virus,Begomovirus,Geminiviridae,Group II,622
Cotton leaf curl Gezira virus,Begomovirus,Geminiviridae,Group II,602
Cotton leaf curl Kokhran virus,Begomovirus,Geminiviridae,Group II,904
Cotton leaf curl Multan betasatellite,Betasatellite,Tolecusatellitidae,Group IV,539
Cotton leaf curl Multan virus,Begomovirus,Geminiviridae,Group II,1116
Cotton leafroll dwarf virus,Polerovirus,Solemoviridae,Group IV,551
Cowpea mild mottle virus,Carlavirus,Betaflexiviridae,Group IV,1056
Cowpox virus,Orthopoxvirus,Poxviridae,Group I,22748
Crimean-Congo hemorrhagic fever orthonairovirus,Orthonairovirus,Nairoviridae,Group V,4186
Cronobacter phage Pet-CM3-4,Karamvirus,Myoviridae,Group I,558
Cronobacter virus CR3,Certrevirus,Myoviridae,Group I,535
Cronobacter virus CR8,Certrevirus,Myoviridae,Group I,538
Cronobacter virus CR9,Certrevirus,Myoviridae,Group I,562
Cronobacter virus GAP161,Pseudotevenvirus,Myoviridae,Group I,566
Cronobacter virus GAP31,Seunavirus,Myoviridae,Group I,547
Cronobacter virus GAP32,Mimasvirus,Myoviridae,Group I,1108
Cronobacter virus PBES02,Certrevirus,Myoviridae,Group I,540
Cronobacter virus leB,Pseudotevenvirus,Myoviridae,Group I,560
Cronobacter virus leE,Pseudotevenvirus,Myoviridae,Group I,568
Cryphonectria hypovirus 1,Hypovirus,Hypoviridae,Group IV,1164
Cucumber green mottle mosaic virus,Tobamovirus,Virgaviridae,Group IV,848
Cucumber mosaic virus,Cucumovirus,Bromoviridae,Group IV,5256
Cucurbit aphid-borne yellows virus,Polerovirus,Solemoviridae,Group IV,1172
Cucurbit chlorotic yellows virus,Crinivirus,Closteroviridae,Group IV,508
Cyanophage S-RIM12,Brizovirus,Myoviridae,Group I,4501
Cyanophage S-RIM14,Ahtivirus,Myoviridae,Group I,1951
Cydia pomonella granulovirus,Betabaculovirus,Baculoviridae,Group I,2221
Cynomolgus cytomegalovirus,Cytomegalovirus,Herpesviridae,Group I,1212
Cyprinid herpesvirus 2,Cyprinivirus,Alloherpesviridae,Group I,1313
Cyprinid herpesvirus 3,Cyprinivirus,Alloherpesviridae,Group I,4018
Dabie bandavirus,Bandavirus,Phenuiviridae,Group IV/V,5030
Dabie bandavirus,Bandavirus,Phenuiviridae,Unknown,2176
Deformed wing virus,Iflavirus,Iflaviridae,Group IV,3638
Deltaarterivirus hemfev,Deltaarterivirus,Arteriviridae,Group IV,556
Deltapapillomavirus 4,Deltapapillomavirus,Papillomaviridae,Group I,1660
Dengue virus,Flavivirus,Flaviviridae,Group IV,39701
Dickeya virus AD1,Alexandravirus,Myoviridae,Group I,660
Dickeya virus JA11,Salmondvirus,Myoviridae,Group I,642
Dickeya virus JA29,Salmondvirus,Myoviridae,Group I,636
Dickeya virus Limestone,Limestonevirus,Ackermannviridae,Group I,595
Digitaria streak virus,Mastrevirus,Geminiviridae,Group II,671
Dioscorea bacilliform virus,Badnavirus,Caulimoviridae,Group VII,511
Dobrava-Belgrade orthohantavirus,Orthohantavirus,Hantaviridae,Group V,731
Dompiswa phage TSP7_1,Phapecoctavirus,Myoviridae,Group I,538
Drosophila melanogaster sigmavirus,Sigmavirus,Rhabdoviridae,Group V,1007
Duck aviadenovirus B,Aviadenovirus,Adenoviridae,Group I,620
Duck circovirus,Circovirus,Circoviridae,Group II,503
East African cassava mosaic Kenya virus,Begomovirus,Geminiviridae,Group II,822
East African cassava mosaic virus,Begomovirus,Geminiviridae,Group II,1912
Eastern equine encephalitis virus,Alphavirus,Togaviridae,Group IV,1859
Eastern kangaroopox virus,Macropopoxvirus,Poxviridae,Group I,509
Ectromelia virus,Orthopoxvirus,Poxviridae,Group I,2418
Ectropis obliqua nucleopolyhedrovirus,Alphabaculovirus,Baculoviridae,Group I,622
Edwardsiella virus PEi20,Kanagawavirus,Myoviridae,Group I,602
Edwardsiella virus pEtSU,Petsuvirus,Myoviridae,Group I,568
Elephant endotheliotropic herpesvirus 5,Proboscivirus,Herpesviridae,Group I,527
Elephantid betaherpesvirus 1,Proboscivirus,Herpesviridae,Group I,3711
Emiliania huxleyi virus 145,Coccolithovirus,Phycodnaviridae,Group I,547
Emiliania huxleyi virus 164,Coccolithovirus,Phycodnaviridae,Group I,508
Emiliania huxleyi virus 18,Coccolithovirus,Phycodnaviridae,Group I,503
Emiliania huxleyi virus 86,Coccolithovirus,Phycodnaviridae,Group I,1078
Enterobacter virus CIP9,Kanagawavirus,Myoviridae,Group I,592
Enterobacter virus Eap3,Slopekvirus,Myoviridae,Group I,556
Enterobacter virus PG7,Karamvirus,Myoviridae,Group I,588
Enterobacteria phage RB51,Tequatrovirus,Myoviridae,Group I,558
Enterobacteria phage RB68,Tequatrovirus,Myoviridae,Group I,552
Enterobacteria phage T2,Tequatrovirus,Myoviridae,Group I,1151
Enterobacteria phage phiC600P9,Tequatrovirus,Myoviridae,Group I,529
Enterobacteria phage vB_EcoM_IME281,Dhakavirus,Myoviridae,Group I,552
Enterobacteria phage vB_EcoM_IME339,Tequatrovirus,Myoviridae,Group I,510
Enterobacteria phage vB_EcoM_IME341,Dhakavirus,Myoviridae,Group I,546
Enterobacteria virus IME340,Tequatrovirus,Myoviridae,Group I,520
Enterobacteria virus RB18,Tequatrovirus,Myoviridae,Group I,552
Enterobacteria virus RB27,Tequatrovirus,Myoviridae,Group I,557
Enterobacteria virus T6,Tequatrovirus,Myoviridae,Group I,861
Enterococcus virus EF24C,Kochikohdavirus,Herelleviridae,Group I,674
Enterovirus A,Enterovirus,Picornaviridae,Group IV,41426
Enterovirus B,Enterovirus,Picornaviridae,Group IV,27165
Enterovirus C,Enterovirus,Picornaviridae,Group IV,11727
Enterovirus D,Enterovirus,Picornaviridae,Group IV,5333
Enterovirus G,Enterovirus,Picornaviridae,Group IV,731
Enterovirus sp.,Enterovirus,Picornaviridae,Group IV,660
Epizootic haematopoietic necrosis virus,Ranavirus,Iridoviridae,Group I,2276
Epizootic hemorrhagic disease virus,Orbivirus,Reoviridae,Group III,1428
Eptesipox virus,Vespertilionpoxvirus,Poxviridae,Group I,580
Equid alphaherpesvirus 1,Varicellovirus,Herpesviridae,Group I,11352
Equid alphaherpesvirus 4,Varicellovirus,Herpesviridae,Group I,2334
Equid alphaherpesvirus 8,Varicellovirus,Herpesviridae,Group I,672
Equid gammaherpesvirus 2,Percavirus,Herpesviridae,Group I,2215
Equid gammaherpesvirus 5,Percavirus,Herpesviridae,Group I,654
Equine infectious anemia virus,Lentivirus,Retroviridae,Group VI,4051
Equine rhinitis A virus,Aphthovirus,Picornaviridae,Group IV,793
Erinnyis ello granulovirus,Betabaculovirus,Baculoviridae,Group I,1043
Erwinia phage pEa_SNUABM_12,Eneladusvirus,Myoviridae,Group I,546
Erwinia phage pEa_SNUABM_19,Eneladusvirus,Myoviridae,Group I,550
Erwinia phage pEa_SNUABM_44,Eneladusvirus,Myoviridae,Group I,550
Erwinia phage pEa_SNUABM_47,Eneladusvirus,Myoviridae,Group I,540
Erwinia phage pEa_SNUABM_49,Eneladusvirus,Myoviridae,Group I,554
Erwinia phage pEa_SNUABM_50,Eneladusvirus,Myoviridae,Group I,540
Erwinia phage vB_EamM_Caitlin,Machinavirus,Myoviridae,Group I,542
Erwinia phage vB_EamM_ChrisDB,Machinavirus,Myoviridae,Group I,554
Erwinia phage vB_EamM_Huxley,Machinavirus,Myoviridae,Group I,542
Erwinia phage vB_EamM_Kwan,Wellingtonvirus,Myoviridae,Group I,570
Erwinia virus Alexandra,Alexandravirus,Myoviridae,Group I,690
Erwinia virus Asesino,Erskinevirus,Myoviridae,Group I,554
Erwinia virus Deimos,Agricanvirus,Myoviridae,Group I,648
Erwinia virus Desertfox,Agricanvirus,Myoviridae,Group I,640
Erwinia virus Ea35-70,Agricanvirus,Myoviridae,Group I,636
Erwinia virus EaH2,Erskinevirus,Myoviridae,Group I,526
Erwinia virus Machina,Machinavirus,Myoviridae,Group I,544
Erwinia virus RAY,Agricanvirus,Myoviridae,Group I,634
Erwinia virus Simmy50,Agricanvirus,Myoviridae,Group I,644
Erwinia virus SpecialG,Agricanvirus,Myoviridae,Group I,642
Erwinia virus Wellington,Wellingtonvirus,Myoviridae,Group I,574
Erwinia virus Y3,Sasquatchvirus,Myoviridae,Group I,666
Erwinia virus Yoloswag,Yoloswagvirus,Myoviridae,Group I,666
Escherichia phage BF17,Asteriusvirus,Myoviridae,Group I,657
Escherichia phage CMSTMSU,Asteriusvirus,Myoviridae,Group I,767
Escherichia phage ESCO13,Phapecoctavirus,Myoviridae,Group I,562
Escherichia phage EcS1,Winklervirus,Myoviridae,Group I,590
Escherichia phage Ecwhy_1,Asteriusvirus,Myoviridae,Group I,576
Escherichia phage MLF4,Tequatrovirus,Myoviridae,Group I,546
Escherichia phage Mt1B1_P17,Phapecoctavirus,Myoviridae,Group I,568
Escherichia phage SF,Mosigvirus,Myoviridae,Group I,524
Escherichia phage SP27,Asteriusvirus,Myoviridae,Group I,591
Escherichia phage UB,Asteriusvirus,Myoviridae,Group I,515
Escherichia phage anhysbys,Phapecoctavirus,Myoviridae,Group I,544
Escherichia phage nepoznato,Phapecoctavirus,Myoviridae,Group I,532
Escherichia phage nieznany,Phapecoctavirus,Myoviridae,Group I,512
Escherichia phage p000v,Mosigvirus,Myoviridae,Group I,526
Escherichia phage phT4A,Slopekvirus,Myoviridae,Group I,514
Escherichia phage phiC120,Mosigvirus,Myoviridae,Group I,562
Escherichia phage slur02,Tequatrovirus,Myoviridae,Group I,532
Escherichia phage slur07,Tequatrovirus,Myoviridae,Group I,532
Escherichia phage slur14,Tequatrovirus,Myoviridae,Group I,544
Escherichia phage tuntematon,Phapecoctavirus,Myoviridae,Group I,560
Escherichia phage ukendt,Phapecoctavirus,Myoviridae,Group I,538
Escherichia phage vB_EcoM-Ro121c4YLVW,Phapecoctavirus,Myoviridae,Group I,532
Escherichia phage vB_EcoM-UFV13,Tequatrovirus,Myoviridae,Group I,536
Escherichia phage vB_EcoM_G17,Asteriusvirus,Myoviridae,Group I,659
Escherichia phage vB_EcoM_phAPEC6,Asteriusvirus,Myoviridae,Group I,543
Escherichia phage vB_Eco_slurp01,Asteriusvirus,Myoviridae,Group I,588
Escherichia phage wV7,Tequatrovirus,Myoviridae,Group I,552
Escherichia virus 121Q,Asteriusvirus,Myoviridae,Group I,1222
Escherichia virus 4MG,Seunavirus,Myoviridae,Group I,542
Escherichia virus APCEc01,Mosigvirus,Myoviridae,Group I,544
Escherichia virus AR1,Tequatrovirus,Myoviridae,Group I,586
Escherichia virus AREG1,Tequatrovirus,Myoviridae,Group I,548
Escherichia virus Bp7,Dhakavirus,Myoviridae,Group I,538
Escherichia virus C40,Tequatrovirus,Myoviridae,Group I,574
Escherichia virus CC31,Karamvirus,Myoviridae,Group I,568
Escherichia virus DalCa,Tequatrovirus,Myoviridae,Group I,538
Escherichia virus E112,Tequatrovirus,Myoviridae,Group I,558
Escherichia virus EC121,Tequatrovirus,Myoviridae,Group I,530
Escherichia virus ECD7,Krischvirus,Myoviridae,Group I,524
Escherichia virus ECML134,Tequatrovirus,Myoviridae,Group I,543
Escherichia virus ECO4,Tequatrovirus,Myoviridae,Group I,544
Escherichia virus ESCO5,Phapecoctavirus,Myoviridae,Group I,530
Escherichia virus EcNP1,Tequatrovirus,Myoviridae,Group I,520
Escherichia virus EcoMF1,Tequatrovirus,Myoviridae,Group I,558
Escherichia virus F2,Tequatrovirus,Myoviridae,Group I,518
Escherichia virus G28,Tequatrovirus,Myoviridae,Group I,534
Escherichia virus G4,Gequatrovirus,Microviridae,Group II,4024
Escherichia virus G4498,Tequatrovirus,Myoviridae,Group I,558
Escherichia virus G4507,Tequatrovirus,Myoviridae,Group I,548
Escherichia virus G50,Tequatrovirus,Myoviridae,Group I,534
Escherichia virus G8,Tequatrovirus,Myoviridae,Group I,536
Escherichia virus G9062,Tequatrovirus,Myoviridae,Group I,552
Escherichia virus GEC3S,Krischvirus,Myoviridae,Group I,554
Escherichia virus HP3,Tequatrovirus,Myoviridae,Group I,548
Escherichia virus HY01,Tequatrovirus,Myoviridae,Group I,771
Escherichia virus HY03,Tequatrovirus,Myoviridae,Group I,538
Escherichia virus IME08,Dhakavirus,Myoviridae,Group I,519
Escherichia virus IME537,Tequatrovirus,Myoviridae,Group I,548
Escherichia virus Ime09,Tequatrovirus,Myoviridae,Group I,545
Escherichia virus JS09,Mosigvirus,Myoviridae,Group I,546
Escherichia virus JS10,Dhakavirus,Myoviridae,Group I,540
Escherichia virus JS98,Dhakavirus,Myoviridae,Group I,532
Escherichia virus JSE,Krischvirus,Myoviridae,Group I,567
Escherichia virus KAW1E185,Tequatrovirus,Myoviridae,Group I,548
Escherichia virus KFS-EC,Krischvirus,Myoviridae,Group I,520
Escherichia virus KIT03,Tequatrovirus,Myoviridae,Group I,536
Escherichia virus Lambda,Lambdavirus,Siphoviridae,Group I,616
Escherichia virus Lutter,Tequatrovirus,Myoviridae,Group I,558
Escherichia virus Lw1,Pseudotevenvirus,Myoviridae,Group I,547
Escherichia virus MS2,Levivirus,Leviviridae,Group IV,1657
Escherichia virus MX01,Dhakavirus,Myoviridae,Group I,532
Escherichia virus NBEco003,Tequatrovirus,Myoviridae,Group I,528
Escherichia virus NBG2,Tequatrovirus,Myoviridae,Group I,529
Escherichia virus O157tp3,Mosigvirus,Myoviridae,Group I,540
Escherichia virus O157tp6,Mosigvirus,Myoviridae,Group I,502
Escherichia virus OE5505,Tequatrovirus,Myoviridae,Group I,564
Escherichia virus Ozark,Tequatrovirus,Myoviridae,Group I,536
Escherichia virus P1,Punavirus,Myoviridae,Group I,1085
Escherichia virus P2,Peduovirus,Myoviridae,Group I,519
Escherichia virus PBECO4,Asteriusvirus,Myoviridae,Group I,1102
Escherichia virus PD112,Tequatrovirus,Myoviridae,Group I,542
Escherichia virus PE37,Tequatrovirus,Myoviridae,Group I,526
Escherichia virus PP01,Tequatrovirus,Myoviridae,Group I,560
Escherichia virus PhAPEC2,Mosigvirus,Myoviridae,Group I,508
Escherichia virus QL01,Dhakavirus,Myoviridae,Group I,550
Escherichia virus RB14,Tequatrovirus,Myoviridae,Group I,567
Escherichia virus RB16,Pseudotevenvirus,Myoviridae,Group I,561
Escherichia virus RB3,Tequatrovirus,Myoviridae,Group I,1951
Escherichia virus RB32,Tequatrovirus,Myoviridae,Group I,567
Escherichia virus RB43,Pseudotevenvirus,Myoviridae,Group I,1175
Escherichia virus RB49,Krischvirus,Myoviridae,Group I,588
Escherichia virus RB69,Mosigvirus,Myoviridae,Group I,785
Escherichia virus ST0,Mosigvirus,Myoviridae,Group I,532
Escherichia virus Schickermooser,Phapecoctavirus,Myoviridae,Group I,568
Escherichia virus T4,Tequatrovirus,Myoviridae,Group I,5163
Escherichia virus T5,Tequintavirus,Demerecviridae,Group I,870
Escherichia virus T7,Teseptimavirus,Autographiviridae,Group I,4783
Escherichia virus VR20,Gaprivervirus,Myoviridae,Group I,572
Escherichia virus VR25,Gaprivervirus,Myoviridae,Group I,586
Escherichia virus VR26,Gaprivervirus,Myoviridae,Group I,582
Escherichia virus VR5,Dhakavirus,Myoviridae,Group I,542
Escherichia virus VR7,Gaprivervirus,Myoviridae,Group I,600
Escherichia virus WG01,Dhakavirus,Myoviridae,Group I,546
Escherichia virus YUEEL01,Tequatrovirus,Myoviridae,Group I,557
Escherichia virus fFiEco06,Tequatrovirus,Myoviridae,Group I,548
Escherichia virus phAPEC8,Phapecoctavirus,Myoviridae,Group I,545
Escherichia virus phi1,Krischvirus,Myoviridae,Group I,564
Escherichia virus phiX174,Sinsheimervirus,Microviridae,Group II,1333
Escherichia virus slur03,Tequatrovirus,Myoviridae,Group I,544
Escherichia virus slur04,Tequatrovirus,Myoviridae,Group I,532
Escherichia virus teqdroes,Tequatrovirus,Myoviridae,Group I,536
Escherichia virus teqhad,Tequatrovirus,Myoviridae,Group I,538
Escherichia virus teqskov,Tequatrovirus,Myoviridae,Group I,526
Escherichia virus vB_Eco_mar005P1,Mosigvirus,Myoviridae,Group I,1336
Euphorbia yellow mosaic virus,Begomovirus,Geminiviridae,Group II,1081
European bat 1 lyssavirus,Lyssavirus,Rhabdoviridae,Group V,1111
Eurybiavirus sp.,Eurybiavirus,Myoviridae,Group I,544
Felid alphaherpesvirus 1,Varicellovirus,Herpesviridae,Group I,5384
Feline calicivirus,Vesivirus,Caliciviridae,Group IV,1770
Feline immunodeficiency virus,Lentivirus,Retroviridae,Group VI,3663
Feline leukemia virus,Gammaretrovirus,Retroviridae,Group VI,1224
Flamingopox virus FGPVKD09,Avipoxvirus,Poxviridae,Group I,512
Foot-and-mouth disease virus,Aphthovirus,Picornaviridae,Group IV,14107
Fort Morgan virus,Alphavirus,Togaviridae,Group IV,892
Fowl adenovirus,Aviadenovirus,Adenoviridae,Group I,720
Fowl aviadenovirus A,Aviadenovirus,Adenoviridae,Group I,762
Fowl aviadenovirus B,Aviadenovirus,Adenoviridae,Group I,781
Fowl aviadenovirus C,Aviadenovirus,Adenoviridae,Group I,3460
Fowl aviadenovirus D,Aviadenovirus,Adenoviridae,Group I,1525
Fowl aviadenovirus E,Aviadenovirus,Adenoviridae,Group I,1835
Fowlpox virus,Avipoxvirus,Poxviridae,Group I,9650
Frog virus 3,Ranavirus,Iridoviridae,Group I,5307
Gallid alphaherpesvirus 1,Iltovirus,Herpesviridae,Group I,7088
Gallid alphaherpesvirus 2,Mardivirus,Herpesviridae,Group I,14043
Gallid alphaherpesvirus 3,Mardivirus,Herpesviridae,Group I,536
Garlic virus A,Allexivirus,Alphaflexiviridae,Group IV,680
Garlic virus D,Allexivirus,Alphaflexiviridae,Group IV,777
Garlic virus X,Allexivirus,Alphaflexiviridae,Group IV,501
Goatpox virus,Capripoxvirus,Poxviridae,Group I,2038
Golden Marseillevirus,Marseillevirus,Marseilleviridae,Group I,592
Grapevine Pinot gris virus,Trichovirus,Betaflexiviridae,Group IV,1748
Grapevine fanleaf virus,Nepovirus,Secoviridae,Group IV,1271
Grapevine leafroll-associated virus 1,Ampelovirus,Closteroviridae,Group IV,992
Grapevine leafroll-associated virus 2,Closterovirus,Closteroviridae,Group IV,1147
Grapevine leafroll-associated virus 3,Ampelovirus,Closteroviridae,Group IV,3331
Grapevine red blotch virus,Grablovirus,Geminiviridae,Group II,945
Grapevine rupestris stem pitting-associated virus,Foveavirus,Betaflexiviridae,Group IV,3689
Grapevine virus A,Vitivirus,Betaflexiviridae,Group IV,1106
Grapevine virus B,Vitivirus,Betaflexiviridae,Group IV,934
Grapevine virus L,Vitivirus,Betaflexiviridae,Group IV,622
Groundnut bud necrosis orthotospovirus,Orthotospovirus,Tospoviridae,Group IV/V,741
Hantaan orthohantavirus,Orthohantavirus,Hantaviridae,Group V,1586
Helicoverpa armigera nucleopolyhedrovirus,Alphabaculovirus,Baculoviridae,Group I,3792
Helicoverpa zea single nucleopolyhedrovirus,Alphabaculovirus,Baculoviridae,Group I,516
Heliothis virescens ascovirus 3a,Ascovirus,Ascoviridae,Group I,1539
Hepacivirus C,Hepacivirus,Flaviviridae,Group IV,232201
Hepatitis B virus,Orthohepadnavirus,Hepadnaviridae,Group VII,189694
Hepatitis delta virus,Deltavirus,Kolmioviridae,Group V,3232
Hepatovirus A,Hepatovirus,Picornaviridae,Group IV,9392
Hirudovirus strain Sangsue,Mimivirus,Mimiviridae,Group I,998
Hokovirus HKV1,Hokovirus,Mimiviridae,Group I,1022
Homo sapiens,Homo,Hominidae,Group I,3919
Human adenovirus sp.,Mastadenovirus,Adenoviridae,Group I,2016
Human alphaherpesvirus 1,Simplexvirus,Herpesviridae,Group I,36109
Human alphaherpesvirus 2,Simplexvirus,Herpesviridae,Group I,20567
Human alphaherpesvirus 3,Varicellovirus,Herpesviridae,Group I,20501
Human betaherpesvirus 5,Cytomegalovirus,Herpesviridae,Group I,70513
Human betaherpesvirus 6,Roseolovirus,Herpesviridae,Group I,17341
Human betaherpesvirus 6A,Roseolovirus,Herpesviridae,Group I,3795
Human betaherpesvirus 6B,Roseolovirus,Herpesviridae,Group I,5002
Human bocavirus,Bocaparvovirus,Parvoviridae,Group II,3592
Human coronavirus 229E,Alphacoronavirus,Coronaviridae,Group IV,1524
Human coronavirus HKU1,Betacoronavirus,Coronaviridae,Group IV,1074
Human coronavirus NL63,Alphacoronavirus,Coronaviridae,Group IV,1531
Human enterovirus,Enterovirus,Picornaviridae,Group IV,1022
Human gammaherpesvirus 4,Lymphocryptovirus,Herpesviridae,Group I,55051
Human gammaherpesvirus 8,Rhadinovirus,Herpesviridae,Group I,17687
Human immunodeficiency virus,Lentivirus,Retroviridae,Group VI,10655
Human immunodeficiency virus 1,Lentivirus,Retroviridae,Group VI,1470834
Human immunodeficiency virus 2,Lentivirus,Retroviridae,Group VI,7513
Human mastadenovirus A,Mastadenovirus,Adenoviridae,Group I,4064
Human mastadenovirus B,Mastadenovirus,Adenoviridae,Group I,27162
Human mastadenovirus C,Mastadenovirus,Adenoviridae,Group I,10809
Human mastadenovirus D,Mastadenovirus,Adenoviridae,Group I,11638
Human mastadenovirus E,Mastadenovirus,Adenoviridae,Group I,4731
Human mastadenovirus F,Mastadenovirus,Adenoviridae,Group I,7116
Human metapneumovirus,Metapneumovirus,Pneumoviridae,Group V,12830
Human orthopneumovirus,Orthopneumovirus,Pneumoviridae,Group V,73146
Human orthorubulavirus 2,Orthorubulavirus,Paramyxoviridae,Group V,787
Human orthorubulavirus 4,Orthorubulavirus,Paramyxoviridae,Group V,653
Human polyomavirus 1,Betapolyomavirus,Polyomaviridae,Group I,4535
Human polyomavirus 2,Betapolyomavirus,Polyomaviridae,Group I,8619
Human polyomavirus 4,Betapolyomavirus,Polyomaviridae,Group I,979
Human polyomavirus 5,Alphapolyomavirus,Polyomaviridae,Group I,971
Human respirovirus 1,Respirovirus,Paramyxoviridae,Group V,1540
Human respirovirus 3,Respirovirus,Paramyxoviridae,Group V,6237
Human rhinovirus sp.,Enterovirus,Picornaviridae,Group IV,5531
Human rotavirus,Rotavirus,Reoviridae,Group III,1854
Hyphantria cunea nucleopolyhedrovirus,Alphabaculovirus,Baculoviridae,Group I,623
Indiana vesiculovirus,Vesiculovirus,Rhabdoviridae,Group V,620
Indivirus ILV1,Indivirus,Mimiviridae,Group I,744
Infectious bursal disease virus,Avibirnavirus,Birnaviridae,Group III,6496
Infectious pancreatic necrosis virus,Aquabirnavirus,Birnaviridae,Group III,1450
Infectious spleen and kidney necrosis virus,Megalocytivirus,Iridoviridae,Group I,4533
Influenza A virus,Alphainfluenzavirus,Orthomyxoviridae,Group V,1165947
Influenza B virus,Betainfluenzavirus,Orthomyxoviridae,Group V,158425
Influenza C virus,Gammainfluenzavirus,Orthomyxoviridae,Group V,2623
Influenza D virus,Deltainfluenzavirus,Orthomyxoviridae,Group V,1727
Invertebrate iridescent virus 22,Chloriridovirus,Iridoviridae,Group I,714
Invertebrate iridescent virus 6,Iridovirus,Iridoviridae,Group I,1168
Iridovirus CN01,Iridovirus,Iridoviridae,Group I,641
Israeli acute paralysis virus,Aparavirus,Dicistroviridae,Group IV,559
Japanese encephalitis virus,Flavivirus,Flaviviridae,Group IV,3235
Kigluaik phantom orthophasmavirus,Orthophasmavirus,Phasmaviridae,Group V,838
Klebsiella phage KP179,Jiaodavirus,Myoviridae,Group I,520
Klebsiella phage KPV15,Jiaodavirus,Myoviridae,Group I,598
Klebsiella phage Mineola,Jiaodavirus,Myoviridae,Group I,552
Klebsiella phage Muenster,Alcyoneusvirus,Myoviridae,Group I,561
Klebsiella phage vB_KpnM_KpV477,Jiaodavirus,Myoviridae,Group I,550
Klebsiella virus BIS47,Mydovirus,Myoviridae,Group I,524
Klebsiella virus F48,Marfavirus,Myoviridae,Group I,566
Klebsiella virus JD18,Jiaodavirus,Myoviridae,Group I,1665
Klebsiella virus KP15,Slopekvirus,Myoviridae,Group I,1874
Klebsiella virus KP27,Slopekvirus,Myoviridae,Group I,564
Klebsiella virus KpS8,Mydovirus,Myoviridae,Group I,522
Klebsiella virus Marfa,Marfavirus,Myoviridae,Group I,558
Klebsiella virus Matisse,Slopekvirus,Myoviridae,Group I,560
Klebsiella virus Miro,Slopekvirus,Myoviridae,Group I,554
Klebsiella virus PMBT1,Slopekvirus,Myoviridae,Group I,552
Klebsiella virus RaK2,Alcyoneusvirus,Myoviridae,Group I,1081
Klebsiella virus Sugarland,Sugarlandvirus,Demerecviridae,Group I,941
Klebsiella virus ZCKP1,Phapecoctavirus,Myoviridae,Group I,534
Klosneuvirus KNV1,Klosneuvirus,Mimiviridae,Group I,1545
Koala retrovirus,Gammaretrovirus,Retroviridae,Group VI,1268
Lassa mammarenavirus,Mammarenavirus,Arenaviridae,Group IV/V,3798
Lettuce mosaic virus,Potyvirus,Potyviridae,Group IV,633
Listeria virus LMSP25,Pecentumvirus,Herelleviridae,Group I,1144
Listeria virus LMTA34,Pecentumvirus,Herelleviridae,Group I,562
Listeria virus LP064,Pecentumvirus,Herelleviridae,Group I,752
Listeria virus LP083-2,Pecentumvirus,Herelleviridae,Group I,756
Little cherry virus 1,Velarivirus,Closteroviridae,Group IV,518
Lumpy skin disease virus,Capripoxvirus,Poxviridae,Group I,10842
Lymantria dispar multiple nucleopolyhedrovirus,Alphabaculovirus,Baculoviridae,Group I,4256
Lyssavirus rabies,Lyssavirus,Rhabdoviridae,Group V,1589
Macacine alphaherpesvirus 1,Simplexvirus,Herpesviridae,Group I,1749
Macacine betaherpesvirus 3,Cytomegalovirus,Herpesviridae,Group I,5563
Macacine betaherpesvirus 8,Cytomegalovirus,Herpesviridae,Group I,554
Macacine gammaherpesvirus 11,Rhadinovirus,Herpesviridae,Group I,683
Macacine gammaherpesvirus 5,Rhadinovirus,Herpesviridae,Group I,832
Macroptilium yellow spot virus,Begomovirus,Geminiviridae,Group II,578
Maize chlorotic mottle virus,Machlomovirus,Tombusviridae,Group IV,786
Maize streak virus,Mastrevirus,Geminiviridae,Group II,3628
Maize yellow mosaic virus,Polerovirus,Solemoviridae,Group IV,591
Mamastrovirus 1,Mamastrovirus,Astroviridae,Group IV,2621
Mamastrovirus 3,Mamastrovirus,Astroviridae,Group IV,1193
Mamastrovirus sp.,Mamastrovirus,Astroviridae,Group IV,924
Mamestra brassicae multiple nucleopolyhedrovirus,Alphabaculovirus,Baculoviridae,Group I,667
Mamestra configurata nucleopolyhedrovirus A,Alphabaculovirus,Baculoviridae,Group I,1197
Mamestra configurata nucleopolyhedrovirus B,Alphabaculovirus,Baculoviridae,Group I,694
Mammalian 1 orthobornavirus,Orthobornavirus,Bornaviridae,Group V,764
Mammalian orthoreovirus,Orthoreovirus,Reoviridae,Group III,1500
Mammalian orthorubulavirus 5,Orthorubulavirus,Paramyxoviridae,Group V,576
Marburg marburgvirus,Marburgvirus,Filoviridae,Group V,1049
Marmot picobirnavirus,Picobirnavirus,Picobirnaviridae,Group III,603
Marseillevirus marseillevirus,Marseillevirus,Marseilleviridae,Group I,888
Measles morbillivirus,Morbillivirus,Paramyxoviridae,Group V,24175
Megavirus chiliensis,Mimivirus,Mimiviridae,Group I,5699
Megavirus courdo7,Mimivirus,Mimiviridae,Group I,1147
Megavirus vitis,Mimivirus,Mimiviridae,Group I,1027
Melanoplus sanguinipes entomopoxvirus,Deltaentomopoxvirus,Poxviridae,Group I,546
Melbournevirus,Marseillevirus,Marseilleviridae,Group I,858
Micromonas pusilla virus 12T,Prasinovirus,Phycodnaviridae,Group I,512
Middle East respiratory syndrome-related coronavirus,Betacoronavirus,Coronaviridae,Group IV,9145
Mimivirus LCMiAC01,Mimivirus,Mimiviridae,Group I,571
Mimivirus LCMiAC02,Mimivirus,Mimiviridae,Group I,583
Mimivirus reunion,Mimivirus,Mimiviridae,Group I,977
Mimivirus sp.,Mimivirus,Mimiviridae,Group I,1771
Mitovirus sp.,Mitovirus,Mitoviridae,Group IV,1151
Molluscum contagiosum virus,Molluscipoxvirus,Poxviridae,Group I,5753
Monkeypox virus,Orthopoxvirus,Poxviridae,Group I,552769
Mule deerpox virus,Cervidpoxvirus,Poxviridae,Group I,535
Mumps orthorubulavirus,Orthorubulavirus,Paramyxoviridae,Group V,21833
Mungbean yellow mosaic India virus,Begomovirus,Geminiviridae,Group II,1469
Mungbean yellow mosaic virus,Begomovirus,Geminiviridae,Group II,610
Murid betaherpesvirus 1,Muromegalovirus,Herpesviridae,Group I,3807
Murid betaherpesvirus 8,Muromegalovirus,Herpesviridae,Group I,539
Murid gammaherpesvirus 4,Rhadinovirus,Herpesviridae,Group I,517
Murine coronavirus,Betacoronavirus,Coronaviridae,Group IV,1844
Murine leukemia virus,Gammaretrovirus,Retroviridae,Group VI,651
Mus musculus,Mus,Muridae,Group I,707
Mycobacterium phage Tonenili,Bixzunavirus,Myoviridae,Group I,516
Mycobacterium virus Bxz1,Bixzunavirus,Myoviridae,Group I,9666
Mycobacterium virus Faith1,Bronvirus,Siphoviridae,Group I,663
Mycobacterium virus Godines,Rosebushvirus,Siphoviridae,Group I,619
Mycobacterium virus Oline,Pegunavirus,Siphoviridae,Group I,1229
Mycobacterium virus Peaches,Fromanvirus,Siphoviridae,Group I,1135
Mycobacterium virus Pg1,Pegunavirus,Siphoviridae,Group I,2348
Mycobacterium virus Plot,Plotvirus,Siphoviridae,Group I,1779
Mycobacterium virus Soto,Pegunavirus,Siphoviridae,Group I,3503
Mycobacterium virus Suffolk,Pegunavirus,Siphoviridae,Group I,1694
Mythimna separata entomopoxvirus,Betaentomopoxvirus,Poxviridae,Group I,613
Myxoma virus,Leporipoxvirus,Poxviridae,Group I,20907
New Jersey vesiculovirus,Vesiculovirus,Rhabdoviridae,Group V,542
Niemeyer virus,Mimivirus,Mimiviridae,Group I,1003
Nipah henipavirus,Henipavirus,Paramyxoviridae,Group V,991
Norwalk virus,Norovirus,Caliciviridae,Group IV,71738
Noumeavirus,Marseillevirus,Marseilleviridae,Group I,904
Okra enation leaf curl virus,Begomovirus,Geminiviridae,Group II,806
Only Syngen Nebraska virus 5,Chlorovirus,Phycodnaviridae,Group I,714
Orf virus,Parapoxvirus,Poxviridae,Group I,4676
Oropouche orthobunyavirus,Orthobunyavirus,Peribunyaviridae,Group V,699
Orthohepevirus A,Orthohepevirus,Hepeviridae,Group IV,22273
Oryctes rhinoceros nudivirus,Alphanudivirus,Nudiviridae,Group I,1228
Ostreid herpesvirus 1,Ostreavirus,Malacoherpesviridae,Group I,5401
Ostreococcus lucimarinus virus 1,Prasinovirus,Phycodnaviridae,Group I,753
Ostreococcus lucimarinus virus 2,Prasinovirus,Phycodnaviridae,Group I,538
Ostreococcus lucimarinus virus 7,Prasinovirus,Phycodnaviridae,Group I,724
Ostreococcus lucimarinus virus OlV5,Prasinovirus,Phycodnaviridae,Group I,509
Ostreococcus mediterraneus virus 1,Prasinovirus,Phycodnaviridae,Group I,504
Ostreococcus tauri virus 2,Prasinovirus,Phycodnaviridae,Group I,674
Ovine gammaherpesvirus 2,Macavirus,Herpesviridae,Group I,505
Ovine progressive pneumonia virus,Lentivirus,Retroviridae,Group VI,1104
Panicum mosaic virus,Panicovirus,Tombusviridae,Group IV,750
Panine betaherpesvirus 2,Cytomegalovirus,Herpesviridae,Group I,528
Papaya leaf curl China virus,Begomovirus,Geminiviridae,Group II,519
Papaya ringspot virus,Potyvirus,Potyviridae,Group IV,1607
Papiine alphaherpesvirus 2,Simplexvirus,Herpesviridae,Group I,825
Paramecium bursaria Chlorella virus 1,Chlorovirus,Phycodnaviridae,Group I,2105
Paramecium bursaria Chlorella virus A1,Chlorovirus,Phycodnaviridae,Group I,3241
Paramecium bursaria Chlorella virus AR158,Chlorovirus,Phycodnaviridae,Group I,1652
Paramecium bursaria Chlorella virus NY2A,Chlorovirus,Phycodnaviridae,Group I,1808
Paramecium bursaria Chlorella virus NYs1,Chlorovirus,Phycodnaviridae,Group I,754
Parechovirus A,Parechovirus,Picornaviridae,Group IV,6729
Paslahepevirus balayani,Paslahepevirus,Hepeviridae,Group IV,3824
Pectinobacterium virus CBB,Mimasvirus,Myoviridae,Group I,1210
Pegivirus A,Pegivirus,Flaviviridae,Group IV,507
Pegivirus C,Pegivirus,Flaviviridae,Group IV,2499
Pepino mosaic virus,Potexvirus,Alphaflexiviridae,Group IV,3147
Pepper golden mosaic virus,Begomovirus,Geminiviridae,Group II,625
Pepper mild mottle virus,Tobamovirus,Virgaviridae,Group IV,814
Pestivirus A,Pestivirus,Flaviviridae,Group IV,5165
Pestivirus B,Pestivirus,Flaviviridae,Group IV,591
Pestivirus C,Pestivirus,Flaviviridae,Group IV,2973
Phaeocystis globosa virus,Prymnesiovirus,Phycodnaviridae,Group I,1311
Phthorimaea operculella granulovirus,Betabaculovirus,Baculoviridae,Group I,1992
Picobirnavirus sp.,Picobirnavirus,Picobirnaviridae,Group III,1661
Pigeon circovirus,Circovirus,Circoviridae,Group II,997
Piscine novirhabdovirus,Novirhabdovirus,Rhabdoviridae,Group V,2678
Piscine orthoreovirus,Orthoreovirus,Reoviridae,Group III,2791
Pithovirus sibericum,Pithovirus,Pithoviridae,Group I,934
Plum pox virus,Potyvirus,Potyviridae,Group IV,2811
Plutella xylostella granulovirus,Betabaculovirus,Baculoviridae,Group I,1192
Porcine circovirus 2,Circovirus,Circoviridae,Group II,14997
Porcine circovirus 3,Circovirus,Circoviridae,Group II,2682
Porcine epidemic diarrhea virus,Alphacoronavirus,Coronaviridae,Group IV,10780
Porcine parvovirus 2,Protoparvovirus,Parvoviridae,Group II,507
Porcine picobirnavirus,Picobirnavirus,Picobirnaviridae,Group III,780
Potato leafroll virus,Polerovirus,Solemoviridae,Group IV,993
Potato mop-top virus,Pomovirus,Virgaviridae,Group IV,587
Potato virus M,Carlavirus,Betaflexiviridae,Group IV,703
Potato virus S,Carlavirus,Betaflexiviridae,Group IV,1325
Potato virus X,Potexvirus,Alphaflexiviridae,Group IV,2357
Potato virus Y,Potyvirus,Potyviridae,Group IV,4160
Powassan virus,Flavivirus,Flaviviridae,Group IV,522
Primate T-lymphotropic virus 1,Deltaretrovirus,Retroviridae,Group VI,8033
Primate T-lymphotropic virus 2,Deltaretrovirus,Retroviridae,Group VI,529
Primate bocaparvovirus 1,Bocaparvovirus,Parvoviridae,Group II,1982
Primate bocaparvovirus 2,Bocaparvovirus,Parvoviridae,Group II,893
Primate erythroparvovirus 1,Erythroparvovirus,Parvoviridae,Group II,5111
Primate tetraparvovirus 1,Tetraparvovirus,Parvoviridae,Group II,518
Prochlorococcus virus PSSM2,Salacisavirus,Myoviridae,Group I,1036
Proteus virus Mydo,Mydovirus,Myoviridae,Group I,528
Prune dwarf virus,Ilarvirus,Bromoviridae,Group IV,502
Prunus necrotic ringspot virus,Ilarvirus,Bromoviridae,Group IV,906
Pseudocowpox virus,Parapoxvirus,Poxviridae,Group I,567
Pseudomonas phage 201phi2-1,Phikzvirus,Myoviridae,Group I,931
Pseudomonas phage OBP,Petsuvirus,Myoviridae,Group I,625
Pseudomonas phage PhiPA3,Phikzvirus,Myoviridae,Group I,752
Pseudomonas virus Ab03,Nankokuvirus,Myoviridae,Group I,533
Pseudomonas virus Ab09,Litunavirus,Schitoviridae,Group I,538
Pseudomonas virus KIL4,Flaumdravirus,Myoviridae,Group I,971
Pseudomonas virus Noxifer,Noxifervirus,Myoviridae,Group I,668
Pseudomonas virus PA7,Phikzvirus,Myoviridae,Group I,1035
Pseudomonas virus PAKP3,Nankokuvirus,Myoviridae,Group I,1155
Pseudomonas virus PB1,Pbunavirus,Myoviridae,Group I,1428
Pseudomonas virus PaBG,Baikalvirus,Myoviridae,Group I,655
Pseudomonas virus SL2,Phikzvirus,Myoviridae,Group I,710
Pseudomonas virus phi6,Cystovirus,Cystoviridae,Group III,1203
Pseudomonas virus phiKZ,Phikzvirus,Myoviridae,Group I,1153
Psittaciform 1 orthobornavirus,Orthobornavirus,Bornaviridae,Group V,808
Puumala orthohantavirus,Orthohantavirus,Hantaviridae,Group V,3297
Rabbit hemorrhagic disease virus,Lagovirus,Caliciviridae,Group IV,2835
Rabies lyssavirus,Lyssavirus,Rhabdoviridae,Group V,35849
Raccoonpox virus,Orthopoxvirus,Poxviridae,Group I,641
Ralstonia virus RP12,Ripduovirus,Myoviridae,Group I,578
Ralstonia virus RSL1,Mieseafarmvirus,Myoviridae,Group I,698
Redspotted grouper nervous necrosis virus,Betanodavirus,Nodaviridae,Group IV,760
Rhinovirus A,Enterovirus,Picornaviridae,Group IV,8186
Rhinovirus B,Enterovirus,Picornaviridae,Group IV,1760
Rhinovirus C,Enterovirus,Picornaviridae,Group IV,5683
Rhodococcus virus Trina,Trinavirus,Siphoviridae,Group I,504
Rhodococcus virus Weasel,Weaselvirus,Siphoviridae,Group I,566
Rice black streaked dwarf virus,Fijivirus,Reoviridae,Group III,1310
Rice stripe tenuivirus,Tenuivirus,Phenuiviridae,Group V,864
Rice yellow mottle virus,Sobemovirus,Solemoviridae,Group IV,1075
Rift Valley fever phlebovirus,Phlebovirus,Phenuiviridae,Group IV/V,1932
Rinderpest morbillivirus,Morbillivirus,Paramyxoviridae,Group V,1014
Rose rosette emaravirus,Emaravirus,Fimoviridae,Group V,842
Ross River virus,Alphavirus,Togaviridae,Group IV,710
Rotavirus A,Rotavirus,Reoviridae,Group III,96840
Rotavirus A,Rotavirus,Sedoreoviridae,Group III,4826
Rotavirus B,Rotavirus,Reoviridae,Group III,1802
Rotavirus C,Rotavirus,Reoviridae,Group III,4661
Rubivirus rubellae,Rubivirus,Matonaviridae,Group IV,3790
SFTS phlebovirus,Phlebovirus,Phenuiviridae,Group IV/V,639
Sacbrood virus,Iflavirus,Iflaviridae,Group IV,720
Saimiriine gammaherpesvirus 2,Rhadinovirus,Herpesviridae,Group I,526
Salmon gillpox virus,Salmonpoxvirus,Poxviridae,Group I,537
Salmon isavirus,Isavirus,Orthomyxoviridae,Group V,2398
Salmon pancreas disease virus,Alphavirus,Togaviridae,Group IV,572
Salmonella phage vB_SnwM_CGG4-1,Gelderlandvirus,Myoviridae,Group I,518
Salmonella virus 38,Kuttervirus,Ackermannviridae,Group I,530
Salmonella virus FelixO1,Felixounavirus,Myoviridae,Group I,529
Salmonella virus Melville,Gelderlandvirus,Myoviridae,Group I,528
Salmonella virus P22,Lederbergvirus,Podoviridae,Group I,1130
Salmonella virus S16,Gelderlandvirus,Myoviridae,Group I,552
Salmonella virus SG1,Tequatrovirus,Myoviridae,Group I,538
Salmonella virus SNUABM-01,Tequatrovirus,Myoviridae,Group I,552
Salmonella virus SPN3US,Seoulvirus,Myoviridae,Group I,795
Salmonella virus STML198,Gelderlandvirus,Myoviridae,Group I,510
Salmonella virus STP4a,Gelderlandvirus,Myoviridae,Group I,518
Salmonella virus SenALZ1,Kuttervirus,Ackermannviridae,Group I,686
Salmonid novirhabdovirus,Novirhabdovirus,Rhabdoviridae,Group V,1182
Saltwater crocodilepox virus,Crocodylidpoxvirus,Poxviridae,Group I,3431
Sapelovirus A,Sapelovirus,Picornaviridae,Group IV,503
Sapporo virus,Sapovirus,Caliciviridae,Group IV,5484
Sarbecovirus sp.,Betacoronavirus,Coronaviridae,Group IV,579
Scale drop disease virus,Megalocytivirus,Iridoviridae,Group I,675
Schmallenberg orthobunyavirus,Orthobunyavirus,Peribunyaviridae,Group V,547
Scotophilus bat coronavirus 512,Alphacoronavirus,Coronaviridae,Group IV,779
Seoul orthohantavirus,Orthohantavirus,Hantaviridae,Group V,1560
Serratia phage X20,Winklervirus,Myoviridae,Group I,554
Serratia virus 2050HW,Moabitevirus,Myoviridae,Group I,726
Serratia virus BF,Eneladusvirus,Myoviridae,Group I,1098
Serratia virus CHI14,Winklervirus,Myoviridae,Group I,550
Serratia virus IME250,Taipeivirus,Ackermannviridae,Group I,579
Serratia virus Moabite,Moabitevirus,Myoviridae,Group I,676
Serratia virus Muldoon,Muldoonvirus,Myoviridae,Group I,512
Serratia virus PS2,Muldoonvirus,Myoviridae,Group I,550
Serratia virus PhiZZ30,Tequatrovirus,Myoviridae,Group I,534
Severe acute respiratory syndrome-related coronavirus,Betacoronavirus,Coronaviridae,Group IV,38437233
Shallot latent virus,Carlavirus,Betaflexiviridae,Group IV,751
Sheeppox virus,Capripoxvirus,Poxviridae,Group I,3276
Shigella phage phi25-307,Mosigvirus,Myoviridae,Group I,532
Shigella virus CM8,Tequatrovirus,Myoviridae,Group I,538
Shigella virus JK45,Tequatrovirus,Myoviridae,Group I,546
Shigella virus Pss1,Tequatrovirus,Myoviridae,Group I,532
Shigella virus SH7,Tequatrovirus,Myoviridae,Group I,530
Shigella virus SHBML501,Tequatrovirus,Myoviridae,Group I,530
Shigella virus SHFML11,Tequatrovirus,Myoviridae,Group I,538
Shigella virus SHFML26,Tequatrovirus,Myoviridae,Group I,538
Shigella virus SHSML521,Mosigvirus,Myoviridae,Group I,538
Shigella virus SP18,Gaprivervirus,Myoviridae,Group I,581
Shigella virus Sf21,Tequatrovirus,Myoviridae,Group I,532
Shigella virus Sf22,Tequatrovirus,Myoviridae,Group I,534
Shigella virus Sf23,Tequatrovirus,Myoviridae,Group I,542
Shigella virus Sf24,Tequatrovirus,Myoviridae,Group I,542
Shigella virus Shfl2,Tequatrovirus,Myoviridae,Group I,537
Shigella virus UTAM,Mosigvirus,Myoviridae,Group I,534
Simian foamy virus,Spumavirus,Retroviridae,Group VI,3214
Simian immunodeficiency virus,Lentivirus,Retroviridae,Group VI,82342
Simian-Chimpanzee immunodeficiency virus,Lentivirus,Retroviridae,Group VI,1145
Simian-Human immunodeficiency virus,Lentivirus,Retroviridae,Group VI,38438
Sindbis virus,Alphavirus,Togaviridae,Group IV,1060
Singapore grouper iridovirus,Ranavirus,Iridoviridae,Group I,619
Sinorhizobium virus M12,Emdodecavirus,Myoviridae,Group I,754
Sinorhizobium virus M7,Emdodecavirus,Myoviridae,Group I,722
Sinorhizobium virus N3,Emdodecavirus,Myoviridae,Group I,804
Small ruminant morbillivirus,Morbillivirus,Paramyxoviridae,Group V,2830
Sorghum mosaic virus,Potyvirus,Potyviridae,Group IV,710
South African cassava mosaic virus,Begomovirus,Geminiviridae,Group II,980
Southern rice black-streaked dwarf virus,Fijivirus,Reoviridae,Group III,550
Soybean mosaic virus,Potyvirus,Potyviridae,Group IV,767
Spodoptera exigua multiple nucleopolyhedrovirus,Alphabaculovirus,Baculoviridae,Group I,1687
Spodoptera frugiperda multiple nucleopolyhedrovirus,Alphabaculovirus,Baculoviridae,Group I,1693
Spodoptera litura nucleopolyhedrovirus,Alphabaculovirus,Baculoviridae,Group I,855
Squash leaf curl China virus,Begomovirus,Geminiviridae,Group II,741
Squash leaf curl virus,Begomovirus,Geminiviridae,Group II,1153
Sri Lankan cassava mosaic virus,Begomovirus,Geminiviridae,Group II,552
Staphylococcus phage 812,Kayvirus,Herelleviridae,Group I,1824
Staphylococcus phage P68,Rosenblumvirus,Rountreeviridae,Group I,760
Staphylococcus virus G1,Kayvirus,Herelleviridae,Group I,6572
Staphylococcus virus K,Kayvirus,Herelleviridae,Group I,595
Staphylococcus virus Remus,Silviavirus,Herelleviridae,Group I,889
Staphylococcus virus Twort,Twortvirus,Herelleviridae,Group I,628
Stenotrophomonas phage YB07,Menderavirus,Myoviridae,Group I,514
Stenotrophomonas virus Mendera,Menderavirus,Myoviridae,Group I,572
Stenotrophomonas virus Moby,Menderavirus,Myoviridae,Group I,542
Streptomyces virus StarPlatinum,Karimacvirus,Siphoviridae,Group I,502
Sugarcane bacilliform virus,Badnavirus,Caulimoviridae,Group VII,590
Sugarcane mosaic virus,Potyvirus,Potyviridae,Group IV,1522
Sugarcane streak mosaic virus,Poacevirus,Potyviridae,Group IV,935
Sugarcane striate virus,Mastrevirus,Geminiviridae,Group II,723
Sugarcane yellow leaf virus,Polerovirus,Solemoviridae,Group IV,1379
Suid alphaherpesvirus 1,Varicellovirus,Herpesviridae,Group I,6389
Sulfolobus spindle-shaped virus,Alphafusellovirus,Fuselloviridae,Group I,1233
Sweet potato chlorotic stunt virus,Crinivirus,Closteroviridae,Group IV,1624
Sweet potato feathery mottle virus,Potyvirus,Potyviridae,Group IV,516
Sweet potato leaf curl virus,Begomovirus,Geminiviridae,Group II,1612
Swine acute diarrhea syndrome coronavirus,Alphacoronavirus,Coronaviridae,Group IV,503
Swinepox virus,Suipoxvirus,Poxviridae,Group I,1059
Synechococcus phage ACG-2014a,Acionnavirus,Myoviridae,Group I,4997
Synechococcus phage ACG-2014c,Acionnavirus,Myoviridae,Group I,1323
Synechococcus phage S-CAM8,Acionnavirus,Myoviridae,Group I,878
Synechococcus phage S-RIM2,Nerrivikvirus,Myoviridae,Group I,12908
Synechococcus phage S-SM2,Bellamyvirus,Myoviridae,Group I,551
Synechococcus virus AC2014fSyn7803C8,Atlauavirus,Myoviridae,Group I,12254
Synechococcus virus ACG2014bSyn7803C61,Nereusvirus,Myoviridae,Group I,4539
Synechococcus virus Bellamy,Bellamyvirus,Myoviridae,Group I,538
Synechococcus virus SCAM1,Anaposvirus,Myoviridae,Group I,1729
Synechococcus virus SCAM3,Charybdisvirus,Myoviridae,Group I,958
Synechococcus virus SCAM7,Mazuvirus,Myoviridae,Group I,1061
Synechococcus virus SCAM9,Kanaloavirus,Myoviridae,Group I,914
Synechococcus virus SPM2,Nodensvirus,Myoviridae,Group I,729
Synechococcus virus SRIM44,Vellamovirus,Myoviridae,Group I,2098
Synechococcus virus SRIM50,Neptunevirus,Myoviridae,Group I,527
Synechococcus virus SRIM8,Neptunevirus,Myoviridae,Group I,2436
Synechococcus virus SSKS1,Llyrvirus,Myoviridae,Group I,576
T4virus environmental sample,Tequatrovirus,Myoviridae,Group I,550
TTV-like mini virus,Betatorquevirus,Anelloviridae,Group II,6412
Tanapox virus,Yatapoxvirus,Poxviridae,Group I,665
Tenacibaculum virus PTm1,Shirahamavirus,Myoviridae,Group I,616
Tenacibaculum virus pT24,Kungbxnavirus,Myoviridae,Group I,594
Tequatrovirus ecombl75,Tequatrovirus,Myoviridae,Group I,536
Teschovirus A,Teschovirus,Picornaviridae,Group IV,570
Testudinid alphaherpesvirus 3,Scutavirus,Herpesviridae,Group I,635
Tick-borne encephalitis virus,Flavivirus,Flaviviridae,Group IV,2996
Tobacco curly shoot virus,Begomovirus,Geminiviridae,Group II,909
Tobacco mosaic virus,Tobamovirus,Virgaviridae,Group IV,827
Tobacco streak virus,Ilarvirus,Bromoviridae,Group IV,509
Tokyovirus A1,Marseillevirus,Marseilleviridae,Group I,940
Tomato brown rugose fruit virus,Tobamovirus,Virgaviridae,Group IV,937
Tomato chlorosis virus,Crinivirus,Closteroviridae,Group IV,947
Tomato leaf curl New Delhi virus,Begomovirus,Geminiviridae,Group II,6866
Tomato leaf curl Oman virus,Begomovirus,Geminiviridae,Group II,786
Tomato leaf curl Palampur virus,Begomovirus,Geminiviridae,Group II,643
Tomato severe rugose virus,Begomovirus,Geminiviridae,Group II,1565
Tomato spotted wilt orthotospovirus,Orthotospovirus,Tospoviridae,Group IV/V,4429
Tomato yellow leaf curl Thailand virus,Begomovirus,Geminiviridae,Group II,653
Tomato yellow leaf curl virus,Begomovirus,Geminiviridae,Group II,8717
Torque teno felid virus 1,Etatorquevirus,Anelloviridae,Group II,773
Torque teno pinniped virus 8,Lambdatorquevirus,Anelloviridae,Group II,536
Torque teno sus virus 1a,Iotatorquevirus,Anelloviridae,Group II,686
Torque teno sus virus 1b,Iotatorquevirus,Anelloviridae,Group II,1159
Trichoplusia ni single nucleopolyhedrovirus,Alphabaculovirus,Baculoviridae,Group I,676
Tula orthohantavirus,Orthohantavirus,Hantaviridae,Group V,1297
Tupanvirus deep ocean,Tupanvirus,Mimiviridae,Group I,1276
Tupanvirus soda lake,Tupanvirus,Mimiviridae,Group I,1359
Turnip mosaic virus,Potyvirus,Potyviridae,Group IV,2315
Turnip yellows virus,Polerovirus,Solemoviridae,Group IV,772
Ungulate protoparvovirus 1,Protoparvovirus,Parvoviridae,Group II,1045
Ungulate tetraparvovirus 2,Tetraparvovirus,Parvoviridae,Group II,522
Usutu virus,Flavivirus,Flaviviridae,Group IV,1151
Vaccinia virus,Orthopoxvirus,Poxviridae,Group I,21977
Variola virus,Orthopoxvirus,Poxviridae,Group I,12698
Venezuelan equine encephalitis virus,Alphavirus,Togaviridae,Group IV,823
Vesicular stomatitis virus,Vesiculovirus,Rhabdoviridae,Group V,1165
Vibrio phage V07,Schizotequatrovirus,Myoviridae,Group I,516
Vibrio phage VH7D,Schizotequatrovirus,Myoviridae,Group I,654
Vibrio virus CTXphi,Affertcholeramvirus,Inoviridae,Group II,838
Vibrio virus KVP40,Schizotequatrovirus,Myoviridae,Group I,1184
Vibrio virus ValKK3,Schizotequatrovirus,Myoviridae,Group I,780
Vibrio virus nt1,Schizotequatrovirus,Myoviridae,Group I,813
Watermelon chlorotic stunt virus,Begomovirus,Geminiviridae,Group II,948
Watermelon mosaic virus,Potyvirus,Potyviridae,Group IV,1308
West Nile virus,Flavivirus,Flaviviridae,Group IV,6671
Wheat dwarf virus,Mastrevirus,Geminiviridae,Group II,1435
Wheat yellow mosaic virus,Bymovirus,Potyviridae,Group IV,913
White spot syndrome virus,Whispovirus,Nimaviridae,Group I,10176
Yellow fever virus,Flavivirus,Flaviviridae,Group IV,1669
Yersinia phage fHe-Yen9-01,Tegunavirus,Myoviridae,Group I,560
Yersinia phage fHe-Yen9-03,Eneladusvirus,Myoviridae,Group I,538
Yersinia phage fPS-65,Tequatrovirus,Myoviridae,Group I,536
Yersinia phage fPS-90,Tequatrovirus,Myoviridae,Group I,542
Yersinia virus D1,Tequatrovirus,Myoviridae,Group I,554
Yersinia virus PST,Tequatrovirus,Myoviridae,Group I,542
Yersinia virus PYPS2T,Tequatrovirus,Myoviridae,Group I,807
Yersinia virus R1RT,Tegunavirus,Myoviridae,Group I,537
Yersinia virus TG1,Tegunavirus,Myoviridae,Group I,524
Yersinia virus Yen9-04,Eneladusvirus,Myoviridae,Group I,1593
Yersinia virus ZN18,Tequatrovirus,Myoviridae,Group I,528
Yersinia virus fPS-2,Tequatrovirus,Myoviridae,Group I,534
Zaire ebolavirus,Ebolavirus,Filoviridae,Group V,27751
Zetaarterivirus ugarco 1,Zetaarterivirus,Arteriviridae,Group IV,674
Zika virus,Flavivirus,Flaviviridae,Group IV,2424
Zucchini yellow mosaic virus,Potyvirus,Potyviridae,Group IV,1417
unidentified adenovirus,Mastadenovirus,Adenoviridae,Group I,604
